boom,101,1,Single,borb,1234,Used
hippy,102,1,Single,hippy,1234,Used
Nornja,103,1,Single,nornjaa,1234,Used
Tommy,104,1,Single,tommyta22,123,Used
Koala,105,1,Single,koalaza33,1234,Used
null,106,1,Single,null,null,Empty
null,107,1,Single,null,null,Empty
null,108,1,Single,null,null,Empty
null,109,1,Single,null,null,Empty
null,110,1,Single,null,null,Empty
Poppy,201,2,Single,poppyee,1234,Used
null,202,2,Single,null,null,Empty
null,203,2,Single,null,null,Empty
null,204,2,Single,null,null,Empty
null,205,2,Single,null,null,Empty
null,206,2,Single,null,null,Empty
null,207,2,Single,null,null,Empty
null,208,2,Single,null,null,Empty
null,209,2,Single,null,null,Empty
null,210,2,Single,null,null,Empty
null,301,3,Single,null,null,Empty
null,302,3,Single,null,null,Empty
null,303,3,Single,null,null,Empty
null,304,3,Single,null,null,Empty
null,305,3,Single,null,null,Empty
null,306,3,Single,null,null,Empty
null,307,3,Single,null,null,Empty
null,308,3,Single,null,null,Empty
null,309,3,Single,null,null,Empty
null,310,3,Single,null,null,Empty
null,401,4,Single,null,null,Empty
null,402,4,Single,null,null,Empty
null,403,4,Single,null,null,Empty
null,404,4,Single,null,null,Empty
null,405,4,Single,null,null,Empty
null,406,4,Single,null,null,Empty
null,407,4,Single,null,null,Empty
null,408,4,Single,null,null,Empty
null,409,4,Single,null,null,Empty
null,410,4,Single,null,null,Empty
null,501,5,Single,null,null,Empty
null,502,5,Single,null,null,Empty
null,503,5,Single,null,null,Empty
null,504,5,Single,null,null,Empty
null,505,5,Single,null,null,Empty
null,506,5,Single,null,null,Empty
null,507,5,Single,null,null,Empty
null,508,5,Single,null,null,Empty
null,509,5,Single,null,null,Empty
null,510,5,Single,null,null,Empty
null,501,5,Double,null,null,Empty
null,502,5,Double,null,null,Empty
null,503,5,Double,null,null,Empty
null,504,5,Double,null,null,Empty
null,505,5,Double,null,null,Empty
null,506,5,Double,null,null,Empty
null,507,5,Double,null,null,Empty
null,508,5,Double,null,null,Empty
null,509,5,Double,null,null,Empty
null,510,5,Double,null,null,Empty
null,601,6,Double,null,null,Empty
null,602,6,Double,null,null,Empty
null,603,6,Double,null,null,Empty
null,604,6,Double,null,null,Empty
null,605,6,Double,null,null,Empty
null,606,6,Double,null,null,Empty
null,607,6,Double,null,null,Empty
null,608,6,Double,null,null,Empty
null,609,6,Double,null,null,Empty
null,610,6,Double,null,null,Empty
null,701,7,Double,null,null,Empty
null,702,7,Double,null,null,Empty
null,703,7,Double,null,null,Empty
null,704,7,Double,null,null,Empty
null,705,7,Double,null,null,Empty
null,706,7,Double,null,null,Empty
null,707,7,Double,null,null,Empty
null,708,7,Double,null,null,Empty
null,709,7,Double,null,null,Empty
null,710,7,Double,null,null,Empty
null,801,8,Double,null,null,Empty
null,802,8,Double,null,null,Empty
null,803,8,Double,null,null,Empty
null,804,8,Double,null,null,Empty
null,805,8,Double,null,null,Empty
null,806,8,Double,null,null,Empty
null,807,8,Double,null,null,Empty
null,808,8,Double,null,null,Empty
null,809,8,Double,null,null,Empty
null,810,8,Double,null,null,Empty
null,901,9,Double,null,null,Empty
null,902,9,Double,null,null,Empty
null,903,9,Double,null,null,Empty
null,904,9,Double,null,null,Empty
null,905,9,Double,null,null,Empty
null,906,9,Double,null,null,Empty
null,907,9,Double,null,null,Empty
null,908,9,Double,null,null,Empty
null,909,9,Double,null,null,Empty
null,910,9,Double,null,null,Empty
null,1001,10,Double,null,null,Empty
null,1002,10,Double,null,null,Empty
null,1003,10,Double,null,null,Empty
null,1004,10,Double,null,null,Empty
null,1005,10,Double,null,null,Empty
null,1006,10,Double,null,null,Empty
null,1007,10,Double,null,null,Empty
null,1008,10,Double,null,null,Empty
null,1009,10,Double,null,null,Empty
null,1010,10,Double,null,null,Empty